2000-1,PETR4,BBDC4,ELET6,CMIG4,ELET3,PETR3,CSNA3,CPLE6,SBSP3,BBDC3,GOAU4,BBAS3,ETER3,RAPT4,FESA4,SHUL4,ALPA4,ITSA4,USIM5,EMBR3
2000-2,PETR4,CMIG4,BBDC4,ELET6,PETR3,ELET3,CPLE6,CSNA3,SBSP3,GOAU4,BBDC3,BBAS3,FESA4,ALPA4,RAPT4,ETER3,SHUL4,ITSA4,MYPK3,EMBR3
2000-3,PETR4,CMIG4,BBDC4,ELET6,ELET3,PETR3,CSNA3,CPLE6,SBSP3,BBDC3,BBAS3,GOAU4,ETER3,FESA4,RAPT4,ALPA4,ITSA4,USIM5,EMBR3,MYPK3
2000-4,PETR4,BBDC4,CMIG4,ELET6,PETR3,ELET3,CSNA3,CPLE6,SBSP3,GOAU4,BBDC3,BBAS3,ETER3,FESA4,RAPT4,SHUL4,ALPA4,ITSA4,USIM5,EMBR3
2000-5,PETR4,BBDC4,CMIG4,ELET6,PETR3,ELET3,CSNA3,SBSP3,CPLE6,BBDC3,GOAU4,BBAS3,ETER3,FESA4,RAPT4,ALPA4,SHUL4,ITSA4,MYPK3,RANI3
2000-6,PETR4,BBDC4,CMIG4,ELET6,ELET3,PETR3,CSNA3,CPLE6,SBSP3,GOAU4,BBDC3,BBAS3,RAPT4,FESA4,ETER3,ALPA4,ITSA4,SHUL4,RANI3,USIM5
2000-7,BBDC4,ELET6,CMIG4,ELET3,CSNA3,SBSP3,CPLE6,BBDC3,GOAU4,ALPA4,BBAS3,ETER3,FESA4,PETR4,RAPT4,PETR3,ITSA4,USIM5,EMBR3,UNIP6
2000-8,ELET6,BBDC4,CMIG4,BRAP4,ELET3,CPLE6,CSNA3,SBSP3,GOAU4,BBDC3,BBAS3,FESA4,PETR4,RAPT4,ETER3,PETR3,ALPA4,SHUL4,ITSA4,USIM5
2000-9,ELET3,ELET6,BBDC4,BRAP4,CSNA3,CMIG4,SBSP3,CPLE6,GOAU4,BBDC3,BBAS3,FESA4,PETR4,ETER3,PETR3,ALPA4,SHUL4,RAPT4,ITSA4,MYPK3
2000-10,BBDC4,ELET3,ELET6,CMIG4,CSNA3,BRAP4,SBSP3,CPLE6,GOAU4,BBDC3,BBAS3,PETR4,ETER3,PETR3,FESA4,SHUL4,RAPT4,ALPA4,ITSA4,MYPK3
2000-11,BBDC4,ELET3,ELET6,CMIG4,CSNA3,BBDC3,CPLE6,BRAP4,SBSP3,GOAU4,BBAS3,PETR4,ETER3,FESA4,PETR3,SHUL4,RAPT4,ITSA4,USIM5,ALPA4
2000-12,BBDC4,ELET6,CSNA3,ELET3,CMIG4,BRAP4,CPLE6,SBSP3,BBDC3,GOAU4,BBAS3,ETER3,PETR4,FESA4,PETR3,SHUL4,ALPA4,RAPT4,ITSA4,EMBR3
2001-1,BBDC4,ELET6,CMIG4,ELET3,CSNA3,CPLE6,BRAP4,SBSP3,GOAU4,BBDC3,BBAS3,FESA4,PETR4,ETER3,PETR3,RAPT4,SHUL4,ALPA4,EMBR3,ITSA4
2001-2,BBDC4,ELET6,CMIG4,ELET3,CSNA3,CPLE6,SBSP3,GGBR4,BRAP4,GOAU4,BBDC3,BBAS3,ALPA4,ETER3,PETR4,FESA4,PETR3,RAPT4,ITSA4,SHUL4
2001-3,BBDC4,ELET6,ELET3,CMIG4,CSNA3,CPLE6,SBSP3,GGBR4,BRAP4,GOAU4,ALPA4,BBDC3,BBAS3,ETER3,PETR4,FESA4,SHUL4,PETR3,RAPT4,ROMI3
2001-4,BBDC4,ELET6,CMIG4,ELET3,CPLE6,CSNA3,SBSP3,BRAP4,GGBR4,BBDC3,BBAS3,GOAU4,ETER3,PETR4,ALPA4,FESA4,PETR3,RAPT4,EMBR3,ITSA4
2001-5,BBDC4,ELET6,CMIG4,ELET3,CPLE6,CSNA3,GGBR4,SBSP3,BRAP4,GOAU4,BBDC3,BBAS3,ETER3,ALPA4,PETR4,PETR3,FESA4,RAPT4,ITSA4,USIM5
2001-6,BBDC4,ELET6,CMIG4,ELET3,CSNA3,CPLE6,SBSP3,GGBR4,BRAP4,BBAS3,GOAU4,BBDC3,ETER3,PETR4,FESA4,PETR3,RAPT4,ITSA4,ALPA4,EMBR3
2001-7,BBDC4,ELET6,CMIG4,ELET3,CPLE6,CSNA3,SBSP3,BRAP4,GGBR4,GOAU4,BBAS3,BBDC3,PETR4,FESA4,ETER3,RAPT4,PETR3,VALE3,ALPA4,ITSA4
2001-8,BBDC4,ELET6,CMIG4,ELET3,CPLE6,CSNA3,SBSP3,BRAP4,GGBR4,BBAS3,BBDC3,GOAU4,PETR4,ETER3,FESA4,RAPT4,PETR3,MYPK3,ITSA4,ALPA4
2001-9,BBDC4,ELET6,CMIG4,ELET3,CPLE6,CSNA3,GGBR4,BRAP4,SBSP3,BBAS3,BBDC3,GOAU4,ETER3,FESA4,PETR4,PETR3,ITSA4,RAPT4,ALPA4,VALE3
2001-10,BBDC4,ELET6,CMIG4,CPLE6,ELET3,CSNA3,GGBR4,SBSP3,BRAP4,BBDC3,GOAU4,BBAS3,ETER3,PETR4,FESA4,PETR3,RAPT4,ITSA4,ROMI3,USIM5
2001-11,BBDC4,ELET6,CMIG4,ELET3,CPLE6,CSNA3,GGBR4,SBSP3,BRAP4,GOAU4,BBDC3,BBAS3,ALPA4,ETER3,PETR4,FESA4,RAPT4,PETR3,ITSA4,USIM5
2001-12,BBDC4,ELET6,CMIG4,ELET3,CPLE6,CSNA3,GGBR4,SBSP3,BRAP4,GOAU4,BBDC3,BBAS3,ETER3,FESA4,RAPT4,PETR4,ALPA4,PETR3,ITSA4,ROMI3
2002-1,ELET6,CMIG4,BBDC4,ELET3,CPLE6,CSNA3,GGBR4,SBSP3,BRAP4,BBDC3,GOAU4,BBAS3,ETER3,PETR4,FESA4,ALPA4,RAPT4,PETR3,MYPK3,ITSA4
2002-2,BBDC4,ELET6,CMIG4,ELET3,CSNA3,CPLE6,GGBR4,SBSP3,BRAP4,GOAU4,BBDC3,BBAS3,ETER3,PETR4,FESA4,SHUL4,ALPA4,PETR3,ITSA4,RAPT4
2002-3,BBDC4,CMIG4,ELET6,CSNA3,CPLE6,ELET3,GGBR4,SBSP3,BBDC3,BRAP4,GOAU4,BBAS3,ETER3,PETR4,ALPA4,RAPT4,FESA4,PETR3,VALE3,ITSA4
2002-4,BBDC4,CMIG4,ELET6,CSNA3,CPLE6,GGBR4,ELET3,SBSP3,GOAU4,BBAS3,BRAP4,BBDC3,FESA4,ETER3,ALPA4,PETR4,RAPT4,PETR3,VALE3,ITSA4
2002-5,BBDC4,ELET6,CSNA3,CMIG4,SBSP3,ELET3,CPLE6,GGBR4,BRAP4,GOAU4,BBDC3,BBAS3,ALPA4,ETER3,FESA4,PETR4,PETR3,RAPT4,VALE3,ITSA4
2002-6,BBDC4,ELET6,CMIG4,CSNA3,ELET3,CPLE6,GGBR4,SBSP3,BBDC3,BRAP4,GOAU4,BBAS3,ALPA4,PETR4,FESA4,ETER3,RAPT4,PETR3,VALE3,ITSA4
2002-7,BBDC4,CSNA3,ELET6,CMIG4,CPLE6,GGBR4,ELET3,BBDC3,SBSP3,GOAU4,BRAP4,BBAS3,ETER3,RAPT4,FESA4,PETR4,ALPA4,PETR3,VALE3,ITSA4
2002-8,BBDC4,ELET6,CMIG4,CSNA3,GGBR4,CPLE6,SBSP3,ELET3,BBDC3,GOAU4,BRAP4,BBAS3,ALPA4,ETER3,FESA4,PETR4,RAPT4,PETR3,VALE3,ITSA4
2002-9,BBDC4,ELET6,CMIG4,GGBR4,ELET3,CSNA3,CPLE6,SBSP3,BBAS3,GOAU4,ALPA4,BBDC3,BRAP4,BRKM5,RAPT4,FESA4,PETR4,ETER3,PETR3,VALE3
2002-10,BBDC4,ELET6,CMIG4,GGBR4,CSNA3,CPLE6,ELET3,BBAS3,SBSP3,GOAU4,BBDC3,BRAP4,BRKM5,FESA4,ETER3,RAPT4,PETR4,PETR3,VALE3,ITSA4
2002-11,BBDC4,CSNA3,ELET6,CMIG4,GGBR4,CPLE6,BBAS3,SBSP3,ELET3,GOAU4,BRAP4,ETER3,BRKM5,BBDC3,RAPT4,ROMI3,ALPA4,FESA4,PETR4,VALE3
2002-12,BBDC4,CMIG4,ELET6,CSNA3,GGBR4,CPLE6,ELET3,SBSP3,BBAS3,BRAP4,BBDC3,GOAU4,BRKM5,FESA4,RAPT4,ETER3,PETR4,ALPA4,PETR3,VALE3
2003-1,BBDC4,ELET6,CMIG4,CSNA3,GGBR4,CPLE6,SBSP3,ELET3,BBAS3,BRAP4,GOAU4,BBDC3,BRKM5,FESA4,ETER3,PETR4,RAPT4,ALPA4,PETR3,ROMI3
2003-2,BBDC4,CSNA3,CMIG4,ELET6,GGBR4,CPLE6,SBSP3,ELET3,BBAS3,GOAU4,ETER3,BRAP4,BBDC3,BRKM5,ALPA4,FESA4,RAPT4,PETR4,PETR3,VALE3
2003-3,BBDC4,CSNA3,ELET6,CMIG4,GGBR4,SBSP3,BBAS3,CPLE6,ELET3,GOAU4,BBDC3,BRKM5,BRAP4,ETER3,FESA4,PETR4,RAPT4,PETR3,ALPA4,VALE3
2003-4,CSNA3,BBDC4,CMIG4,ELET6,GGBR4,CPLE6,SBSP3,BBAS3,ELET3,BRAP4,GOAU4,BRKM5,BBDC3,ETER3,FESA4,RAPT4,PETR4,ALPA4,PETR3,USIM5
2003-5,BBDC4,CMIG4,ELET6,CSNA3,SBSP3,CPLE6,BBAS3,ELET3,BRKM5,BRAP4,BBDC3,ETER3,FESA4,RAPT4,PETR4,PETR3,ALPA4,ITSA4,GGBR4,VALE3
2003-6,BBDC4,CMIG4,CSNA3,ELET6,CPLE6,BBAS3,SBSP3,ELET3,BRKM5,BRAP4,BBDC3,ETER3,PETR4,FESA4,RAPT4,PETR3,ALPA4,ROMI3,GGBR4,USIM5
2003-7,BBDC4,CMIG4,CSNA3,ELET6,CPLE6,SBSP3,ELET3,BBAS3,BRKM5,BRAP4,BBDC3,ETER3,RAPT4,FESA4,TUPY3,PETR4,PETR3,USIM5,ALPA4,ROMI3
2003-8,BBDC4,CMIG4,CSNA3,ELET6,CPLE6,SBSP3,ELET3,BRKM5,BBAS3,BRAP4,BBDC3,ETER3,FESA4,RAPT4,PETR4,PETR3,ALPA4,ROMI3,USIM5,VALE3
2003-9,CMIG4,BBDC4,ELET6,CSNA3,CPLE6,SBSP3,ELET3,BBAS3,BRKM5,BRAP4,BBDC3,ETER3,RAPT4,ALPA4,FESA4,PETR4,PETR3,ROMI3,MYPK3,USIM5
2003-10,CMIG4,BBDC4,ELET6,CSNA3,ELET3,CPLE6,SBSP3,BBAS3,BRKM5,BRAP4,BBDC3,ETER3,RAPT4,FESA4,PETR4,ROMI3,USIM5,PETR3,SHUL4,ALPA4
2003-11,BBDC4,CMIG4,ELET6,CSNA3,CPLE6,ELET3,SBSP3,BBAS3,BRKM5,BBDC3,BRAP4,ETER3,RAPT4,ALPA4,FESA4,PETR4,PETR3,USIM5,GGBR4,VALE3
2003-12,CSNA3,BBDC4,CMIG4,ELET6,CPLE6,ELET3,BRKM5,SBSP3,BBAS3,BBDC3,BRAP4,RAPT4,ETER3,FESA4,ALPA4,PETR4,SHUL4,PETR3,USIM5,ROMI3
2004-1,CSNA3,BBDC4,ELET6,CMIG4,CPLE6,ELET3,BRKM5,SBSP3,BBAS3,BBDC3,BRAP4,ETER3,FESA4,RAPT4,ALPA4,PETR4,ROMI3,USIM5,PETR3,GGBR4
2004-2,CSNA3,CMIG4,ELET6,BBDC4,ELET3,BRKM5,SBSP3,CPLE6,BRAP4,BBDC3,RAPT4,ETER3,FESA4,ALPA4,PETR4,USIM5,PETR3,ROMI3,GGBR4,VALE3
2004-3,CSNA3,CMIG4,ELET6,BBDC4,CPLE6,ELET3,BRKM5,SBSP3,BRAP4,BBDC3,ALPA4,ETER3,FESA4,RAPT4,PETR4,USIM5,ROMI3,PETR3,GGBR4,VALE3
2004-4,CSNA3,CMIG4,ELET6,BRKM5,ELET3,CPLE6,SBSP3,BRAP4,RAPT4,FESA4,ETER3,ALPA4,PETR4,USIM5,PETR3,BBDC4,GGBR4,VALE3,ITSA4,SHUL4
2004-5,CSNA3,CMIG4,ELET6,BRKM5,SBSP3,CPLE6,ELET3,BRAP4,FESA4,ETER3,ALPA4,PETR4,PETR3,USIM5,BBDC4,SHUL4,ROMI3,GGBR4,VALE3,ITSA4
2004-6,CMIG4,ELET6,CPLE6,BRKM5,ELET3,SBSP3,BRAP4,ALPA4,FESA4,ETER3,PETR4,CSNA3,USIM5,PETR3,SHUL4,GGBR4,BBDC4,RANI3,VALE3,GOAU4
2004-7,ELET6,CMIG4,ELET3,CPLE6,BRKM5,SBSP3,FESA4,BRAP4,PETR4,ALPA4,SHUL4,USIM5,PETR3,CSNA3,BBDC4,GGBR4,VALE3,ITSA4,GOLL4,RANI3
2004-8,ELET6,CMIG4,BRKM5,ELET3,CPLE6,SBSP3,FESA4,ALPA4,PETR4,USIM5,PETR3,GGBR4,BBDC4,CSNA3,ROMI3,VALE3,ITSA4,GOAU4,BBAS3,BRAP4
2004-9,CMIG4,BRKM5,ELET6,ELET3,CPLE6,SBSP3,ALPA4,FESA4,PETR4,ROMI3,USIM5,GGBR4,CSNA3,PETR3,BBDC4,VALE3,ITSA4,GOAU4,BRAP4,CPFE3
2004-10,CMIG4,ELET6,BRKM5,ELET3,SBSP3,CPLE6,ALPA4,FESA4,PETR4,USIM5,ROMI3,GGBR4,BBDC4,PETR3,CSNA3,VALE3,ITSA4,GOAU4,VULC3,BRAP4
2004-11,CMIG4,ELET6,BRKM5,CPLE6,ELET3,SBSP3,FESA4,ALPA4,PETR4,USIM5,CSNA3,GGBR4,BBDC4,PETR3,RANI3,VALE3,SHUL4,GRND3,ITSA4,ROMI3
2004-12,ELET6,CMIG4,ELET3,BRKM5,CPLE6,SBSP3,ALPA4,FESA4,PETR4,USIM5,SHUL4,BBDC4,CSNA3,GGBR4,PETR3,ROMI3,VALE3,BRAP4,ITSA4,TUPY3
2005-1,ELET6,BRKM5,CMIG4,ELET3,CPLE6,SBSP3,FESA4,ALPA4,PETR4,USIM5,CSNA3,BBDC4,PETR3,ROMI3,GGBR4,VALE3,ITSA4,BRAP4,SHUL4,CCRO3
2005-2,BRKM5,CMIG4,ELET6,CPLE6,SBSP3,ELET3,FESA4,ALPA4,PETR4,CSNA3,USIM5,BBDC4,GGBR4,PETR3,VALE3,ITSA4,BRAP4,SHUL4,GOAU4,BBAS3
2005-3,BRKM5,CMIG4,ELET6,ELET3,SBSP3,CPLE6,FESA4,ALPA4,PETR4,VULC3,USIM5,CSNA3,BBDC4,TUPY3,GGBR4,SHUL4,VALE3,PETR3,ITSA4,BRAP4
2005-4,CMIG4,BRKM5,ELET6,ELET3,CPLE6,SBSP3,ALPA4,FESA4,PETR4,USIM5,CSNA3,BBDC4,VALE3,GGBR4,PETR3,ITSA4,TUPY3,RANI3,SHUL4,BBAS3
2005-5,CMIG4,ELET6,BRKM5,ELET3,CPLE6,SBSP3,ALPA4,FESA4,PETR4,USIM5,CSNA3,BBDC4,GGBR4,VALE3,PETR3,ITSA4,TUPY3,BRAP4,BBAS3,CCRO3
2005-6,CMIG4,ELET6,ELET3,CPLE6,SBSP3,PETR4,USIM5,BBDC4,CSNA3,PETR3,GGBR4,BRKM5,VALE3,ITSA4,TUPY3,BBAS3,GOAU4,BRAP4,CCRO3,ALPA4
2005-7,CMIG4,ELET6,CPLE6,ELET3,SBSP3,PETR4,USIM5,CSNA3,BBDC4,PETR3,VALE3,BRKM5,GGBR4,ITSA4,CCRO3,GOAU4,LREN3,BRAP4,BBAS3,DASA3
2005-8,CMIG4,ELET6,ELET3,CPLE6,SBSP3,PETR4,SHUL4,USIM5,BBDC4,CSNA3,GGBR4,PETR3,VALE3,BRKM5,ITSA4,BRAP4,GOAU4,BBAS3,CCRO3,LREN3
2005-9,ELET6,CMIG4,CPLE6,ELET3,SBSP3,PETR4,BBDC4,USIM5,VALE3,CSNA3,GGBR4,ITSA4,BRKM5,BRAP4,PETR3,SHUL4,CYRE3,TUPY3,GOAU4,CCRO3
2005-10,ELET6,CMIG4,CPLE6,ELET3,SBSP3,PETR4,USIM5,BBDC4,VALE3,CSNA3,ITSA4,BRKM5,PETR3,GGBR4,BRAP4,CCRO3,CYRE3,GOAU4,SHUL4,BBAS3
2005-11,CMIG4,ELET6,ELET3,CPLE6,SBSP3,PETR4,BBDC4,USIM5,ITSA4,VALE3,CSNA3,CSAN3,PETR3,GGBR4,CYRE3,BRKM5,BRAP4,LREN3,RENT3,CCRO3
2005-12,CMIG4,ELET6,CPLE6,ELET3,SBSP3,PETR4,BBDC4,CSNA3,USIM5,GGBR4,VALE3,ITSA4,PETR3,BRKM5,CSAN3,BRAP4,CYRE3,LREN3,GOAU4,CCRO3
2006-1,CMIG4,ELET6,CPLE6,ELET3,SBSP3,PETR4,BBDC4,USIM5,CSNA3,PETR3,GGBR4,VALE3,BRAP4,BRKM5,CSAN3,ITSA4,EMBR3,CCRO3,CYRE3,GOAU4
2006-2,CMIG4,ELET6,CPLE6,ELET3,SBSP3,LIGT3,PETR4,BBDC4,USIM5,CSNA3,PETR3,VALE3,SHUL4,CSAN3,GGBR4,BRAP4,ITSA4,BRKM5,GFSA3,CCRO3
2006-3,CMIG4,ELET6,ELET3,CPLE6,LIGT3,SBSP3,PETR4,SHUL4,BBDC4,USIM5,VALE3,PETR3,CSNA3,GGBR4,ITSA4,CSAN3,BRAP4,CCRO3,BRKM5,GOAU4
2006-4,CMIG4,ELET3,ELET6,CPLE6,SBSP3,LIGT3,PETR4,BBDC4,USIM5,VALE3,CSNA3,PETR3,GGBR4,CSAN3,BRAP4,ITSA4,BRKM5,SHUL4,BBAS3,RENT3
2006-5,CMIG4,ELET6,CPLE6,ELET3,SBSP3,LIGT3,PETR4,USIM5,BBDC4,PETR3,GGBR4,VALE3,CSNA3,SHUL4,CSAN3,ITSA4,BRAP4,BRKM5,GOAU4,BBAS3
2006-6,CMIG4,ELET6,ELET3,CPLE6,SBSP3,LIGT3,PETR4,BBDC4,USIM5,VALE3,PETR3,CSNA3,ITSA4,BBAS3,GGBR4,BRAP4,CSAN3,BRKM5,GOAU4,LREN3
2006-7,CMIG4,ELET6,ELET3,CPLE6,SBSP3,LIGT3,PETR4,BBDC4,USIM5,VALE3,CSAN3,CSNA3,PETR3,GGBR4,ITSA4,BBAS3,BRKM5,BRAP4,TUPY3,SHUL4
2006-8,CMIG4,ELET3,ELET6,CPLE6,SBSP3,LIGT3,PETR4,USIM5,BBDC4,VALE3,PETR3,TUPY3,CSNA3,CSAN3,BRAP4,ITSA4,GGBR4,BBAS3,CYRE3,GOLL4
2006-9,CMIG4,ELET6,CPLE6,ELET3,SBSP3,LIGT3,PETR4,USIM5,BBDC4,PETR3,VALE3,CSAN3,GGBR4,CSNA3,ITSA4,EMBR3,BRAP4,BBAS3,SHUL4,BRKM5
2006-10,CMIG4,ELET6,ELET3,CPLE6,SBSP3,LIGT3,PETR4,BBDC4,USIM5,PETR3,VALE3,GGBR4,CSNA3,BRAP4,ITSA4,BBAS3,BRKM5,CSAN3,TUPY3,CYRE3
2006-11,ELET6,CMIG4,ELET3,CPLE6,SBSP3,LIGT3,PETR4,BBDC4,USIM5,PETR3,VALE3,CSNA3,GGBR4,ITSA4,BRAP4,BBAS3,GOLL4,CCRO3,CSAN3,BRKM5
2006-12,ELET3,CMIG4,ELET6,CPLE6,SBSP3,LIGT3,PETR4,SHUL4,BBDC4,USIM5,PETR3,VALE3,CSAN3,BRAP4,ITSA4,GOLL4,CSNA3,BBAS3,GGBR4,CCRO3
2007-1,CMIG4,ELET3,ELET6,CPLE6,SBSP3,LIGT3,TUPY3,PETR4,PETR3,BBDC4,USIM5,VALE3,GGBR4,CCRO3,BRAP4,CSNA3,ITSA4,SHUL4,CSAN3,BBAS3
2007-2,CMIG4,ELET3,ELET6,CPLE6,SBSP3,LIGT3,SHUL4,PETR4,TUPY3,USIM5,BBDC4,CSNA3,PETR3,VALE3,GGBR4,ITSA4,CSAN3,BRAP4,BBAS3,CYRE3
2007-3,CMIG4,ELET3,ELET6,CPLE6,SBSP3,LIGT3,PETR4,SHUL4,BBDC4,USIM5,TUPY3,VALE3,CSNA3,PETR3,GGBR4,GOLL4,ITSA4,BRAP4,BBAS3,BRKM5
2007-4,CMIG4,ELET3,ELET6,CPLE6,SBSP3,LIGT3,PETR4,TUPY3,SHUL4,USIM5,BBDC4,VALE3,CSNA3,PETR3,GGBR4,BRAP4,ITSA4,GOLL4,CSAN3,BBAS3
2007-5,CMIG4,ELET6,ELET3,CPLE6,SBSP3,LIGT3,PETR4,TUPY3,BBDC4,USIM5,VALE3,CSNA3,PETR3,BBAS3,ITSA4,BRAP4,GGBR4,GOLL4,BRKM5,LREN3
2007-6,ELET3,ELET6,CPLE6,LIGT3,CMIG4,SBSP3,PETR4,TUPY3,BBDC4,USIM5,VALE3,CSAN3,PETR3,GGBR4,BBAS3,CSNA3,ITSA4,GFSA3,BRAP4,CYRE3
2007-7,ELET6,ELET3,CPLE6,LIGT3,TUPY3,PETR4,BBDC4,USIM5,VALE3,CSNA3,PETR3,GGBR4,ITSA4,BBAS3,CMIG4,BRAP4,GOLL4,CSAN3,CYRE3,MRVE3
2007-8,ELET3,ELET6,LIGT3,CPLE6,PETR4,TUPY3,BBDC4,USIM5,VALE3,PETR3,CSNA3,ITSA4,GGBR4,BBAS3,CMIG4,BRAP4,CYRE3,CSAN3,LREN3,GOLL4
2007-9,LIGT3,PETR4,TUPY3,VALE3,BBDC4,USIM5,CSNA3,PETR3,GGBR4,ITSA4,BRAP4,CMIG4,BBAS3,GOLL4,CYRE3,CPLE6,GFSA3,CSAN3,LREN3,POSI3
2007-10,LIGT3,PETR4,VALE3,TUPY3,BBDC4,PETR3,USIM5,CSNA3,GGBR4,ITSA4,BRAP4,BBAS3,CMIG4,CCRO3,CPLE6,CYRE3,GOLL4,LREN3,GFSA3,GOAU4
2007-11,LIGT3,PETR4,PETR3,VALE3,BBDC4,TUPY3,USIM5,CSNA3,ITSA4,BRAP4,BBAS3,GGBR4,CMIG4,GOLL4,LREN3,CYRE3,GOAU4,GFSA3,ELET3,ELET6
2007-12,PETR4,BBDC4,PETR3,USIM5,CSNA3,BBAS3,VALE3,TUPY3,ITSA4,GGBR4,CMIG4,BRAP4,LREN3,GOLL4,CYRE3,ELET6,GFSA3,GOAU4,ELET3,CCRO3
2008-1,PETR4,VALE3,PETR3,BBDC4,USIM5,TUPY3,CSNA3,BBAS3,ITSA4,GGBR4,BRAP4,CMIG4,CSAN3,GOLL4,LREN3,GOAU4,CYRE3,GFSA3,ELET6,CCRO3
2008-2,PETR4,USIM5,CSNA3,BBDC4,VALE3,PETR3,BBAS3,GGBR4,TUPY3,ITSA4,CMIG4,BRAP4,CYRE3,CSAN3,LREN3,GFSA3,ELET3,ELET6,GOLL4,CCRO3
2008-3,PETR4,TUPY3,BBDC4,PETR3,USIM5,CSNA3,VALE3,GGBR4,BBAS3,ITSA4,CMIG4,BRAP4,GOAU4,CYRE3,GFSA3,ELET6,ELET3,CSAN3,LREN3,MRVE3
2008-4,PETR4,USIM5,PETR3,BBDC4,VALE3,CSNA3,BBAS3,GGBR4,TUPY3,ITSA4,CMIG4,BRAP4,GOAU4,CSAN3,ELET6,ELET3,CYRE3,LREN3,GFSA3,JBSS3
2008-5,PETR4,PETR3,TUPY3,BBDC4,USIM5,CSNA3,GGBR4,VALE3,BBAS3,ITSA4,GOAU4,CYRE3,BRAP4,CMIG4,GFSA3,ELET6,ELET3,LREN3,JBSS3,CPLE6
2008-6,PETR4,CSNA3,PETR3,GGBR4,USIM5,VALE3,BBDC4,TUPY3,BBAS3,ITSA4,CMIG4,CYRE3,BRAP4,GOAU4,BBDC3,ELET3,LREN3,ELET6,GFSA3,EMBR3
2008-7,PETR4,VALE3,CSNA3,BBDC4,USIM5,TUPY3,PETR3,GGBR4,BBAS3,CMIG4,ITSA4,CYRE3,BRAP4,ELET3,CSAN3,GOAU4,LREN3,ELET6,GFSA3,CPLE6
2008-8,PETR4,CSNA3,USIM5,BBDC4,VALE3,GGBR4,PETR3,BBAS3,TUPY3,CMIG4,ITSA4,ELET3,BRAP4,CYRE3,LREN3,ELET6,GOAU4,CPLE6,GOLL4,GFSA3
2008-9,PETR4,CSNA3,PETR3,USIM5,BBDC4,TUPY3,VALE3,GGBR4,BBAS3,CMIG4,ITSA4,CYRE3,BRAP4,ELET3,LREN3,ELET6,GOAU4,GFSA3,MRVE3,CPLE6
2008-10,PETR4,VALE3,BBDC4,PETR3,CSNA3,USIM5,GGBR4,ITSA4,BBAS3,CMIG4,TUPY3,CYRE3,BRAP4,ELET3,ELET6,BBDC3,LREN3,GOAU4,GFSA3,CCRO3
2008-11,PETR4,BBDC4,VALE3,PETR3,USIM5,GGBR4,ITSA4,BBAS3,TUPY3,CSNA3,CMIG4,ELET3,ELET6,CYRE3,BRAP4,GOAU4,LREN3,GFSA3,CCRO3,CPLE6
2008-12,PETR4,BBDC4,PETR3,VALE3,GGBR4,CMIG4,CSNA3,USIM5,BBAS3,ITSA4,ELET6,ELET3,BRAP4,GOAU4,POSI3,LREN3,CYRE3,TUPY3,SBSP3,CCRO3
2009-1,PETR4,BBDC4,VALE3,CSNA3,PETR3,GGBR4,USIM5,BBAS3,ITSA4,CMIG4,BRAP4,ELET3,ELET6,TUPY3,GOAU4,CYRE3,LREN3,CPLE6,GFSA3,CCRO3
2009-2,PETR4,VALE3,PETR3,BBDC4,CSNA3,GGBR4,USIM5,BBAS3,ITSA4,CYRE3,CMIG4,BRAP4,ELET3,GFSA3,ELET6,GOAU4,LREN3,TUPY3,CPLE6,POSI3
2009-3,PETR4,PETR3,BBDC4,VALE3,GGBR4,USIM5,CSNA3,ITSA4,BBAS3,CMIG4,GFSA3,CYRE3,BRAP4,ELET3,ELET6,GOAU4,LREN3,CCRO3,JBSS3,CPLE6
2009-4,PETR4,PETR3,BBDC4,VALE3,BBAS3,USIM5,GGBR4,CSNA3,ITSA4,CMIG4,CYRE3,GFSA3,BRAP4,CSAN3,ELET3,LREN3,ELET6,TUPY3,GOAU4,CPLE6
2009-5,PETR4,PETR3,VALE3,BBDC4,USIM5,GGBR4,CSNA3,ITUB4,ITSA4,CMIG4,BBAS3,TUPY3,GFSA3,CPFE3,LREN3,CYRE3,BRAP4,GOAU4,ELET3,ELET6
2009-6,PETR4,PETR3,BBDC4,ITUB4,GGBR4,USIM5,VALE3,CSNA3,ITSA4,CMIG4,BBAS3,TUPY3,CYRE3,ELET3,GFSA3,GOAU4,MRVE3,LREN3,BRAP4,ELET6
2009-7,PETR4,ITUB4,USIM5,BBDC4,PETR3,VALE3,GGBR4,CSNA3,ITSA4,TUPY3,BBAS3,GFSA3,CMIG4,CYRE3,LREN3,MRVE3,BRAP4,LIGT3,GOAU4,CCRO3
2009-8,PETR4,ITUB4,BBDC4,USIM5,VALE3,PETR3,GGBR4,CSNA3,ITSA4,TUPY3,BBAS3,CYRE3,GOLL4,GFSA3,CMIG4,LREN3,ELET3,EMBR3,ELET6,BRKM5
2009-9,PETR4,TUPY3,ITUB4,PETR3,VALE3,USIM5,GGBR4,BBDC4,CSNA3,BBAS3,ITSA4,CYRE3,BBDC3,CMIG4,GFSA3,MRVE3,BRAP4,LIGT3,EMBR3,LREN3
2009-10,PETR4,ITUB4,SANB11,GGBR4,BBDC4,VALE3,USIM5,PETR3,TUPY3,ITSA4,CSNA3,CYRE3,BBAS3,GOLL4,GFSA3,CCRO3,BRAP4,CMIG4,EMBR3,LREN3
2009-11,PETR4,ITUB4,VALE3,BBDC4,GGBR4,USIM5,PETR3,CSNA3,TUPY3,ITSA4,BBAS3,CYRE3,HYPE3,GFSA3,SANB11,LREN3,GOLL4,CMIG4,GOAU4,CCRO3
2009-12,PETR4,TUPY3,ITUB4,GGBR4,PETR3,CSNA3,BBDC4,VALE3,USIM5,BBAS3,ITSA4,CYRE3,ELET3,MRVE3,CMIG4,GOLL4,SANB11,BRFS3,ELET6,GFSA3
2010-1,PETR4,TUPY3,ITUB4,GGBR4,PETR3,VALE3,CSNA3,BBDC4,USIM5,BBAS3,ELET3,CYRE3,ITSA4,BRFS3,CIEL3,CMIG4,CSAN3,ELET6,GOLL4,KEPL3
2010-2,PETR4,PETR3,ITUB4,VALE3,GGBR4,BBDC4,TUPY3,USIM5,CSNA3,BBAS3,ITSA4,CYRE3,CIEL3,BRFS3,LREN3,SANB11,CSAN3,GFSA3,CMIG4,ELET3
2010-3,PETR4,TUPY3,PETR3,CSNA3,ITUB4,VALE3,USIM5,GGBR4,BBDC4,CYRE3,ITSA4,BBAS3,CIEL3,JBSS3,BRFS3,GFSA3,MRVE3,CCRO3,LREN3,BRAP4
2010-4,PETR4,TUPY3,VALE3,ITUB4,USIM5,GGBR4,PETR3,BBDC4,CSNA3,BBAS3,HYPE3,ITSA4,JBSS3,CIEL3,CYRE3,BRFS3,MRVE3,CCRO3,CMIG4,GFSA3
2010-5,PETR4,ITUB4,VALE3,TUPY3,PETR3,BBDC4,GGBR4,USIM5,CSNA3,ITSA4,BBAS3,CIEL3,CYRE3,BRFS3,JBSS3,GFSA3,CCRO3,LREN3,CMIG4,BRAP4
2010-6,PETR4,USIM5,ITUB4,PETR3,VALE3,BBAS3,GGBR4,CSNA3,BBDC4,TUPY3,BRFS3,CYRE3,ITSA4,GFSA3,LREN3,CMIG4,CIEL3,MRFG3,CCRO3,HYPE3
2010-7,PETR4,BBAS3,ITUB4,USIM5,BBDC4,VALE3,CSNA3,GGBR4,PETR3,CYRE3,ITSA4,BRFS3,LREN3,CIEL3,GFSA3,SANB11,HYPE3,TUPY3,MRVE3,BRAP4
2010-8,PETR4,ITUB4,USIM5,BBDC4,VALE3,BBAS3,PETR3,GGBR4,CSNA3,CYRE3,ITSA4,GFSA3,LREN3,BRFS3,CIEL3,CMIG4,SANB11,HYPE3,JBSS3,MRVE3
2010-9,PETR4,PETR3,ITUB4,BBDC4,VALE3,BBAS3,GGBR4,USIM5,ITSA4,CSNA3,CIEL3,CYRE3,LREN3,GFSA3,HYPE3,SANB11,CMIG4,BRFS3,MRVE3,GOAU4
2010-10,PETR4,PETR3,ITUB4,VALE3,BBDC4,GGBR4,BBAS3,USIM5,CSNA3,CCRO3,ITSA4,CIEL3,GFSA3,CYRE3,LREN3,MRVE3,HYPE3,BRFS3,CMIG4,SANB11
2010-11,PETR4,ITUB4,BBDC4,VALE3,BBAS3,PETR3,GGBR4,USIM5,CYRE3,ITSA4,CSNA3,GFSA3,LREN3,MRVE3,SANB11,BRFS3,DASA3,HYPE3,TOTS3,CIEL3
2010-12,PETR4,ITUB4,HYPE3,BBDC4,BBAS3,VALE3,GGBR4,PETR3,CCRO3,USIM5,MRVE3,ITSA4,CSNA3,CYRE3,LREN3,GFSA3,BRFS3,CIEL3,SANB11,CMIG4
2011-1,PETR4,ITUB4,VALE3,PETR3,BBDC4,BBAS3,GGBR4,USIM5,ITSA4,CSNA3,HYPE3,LREN3,BRFS3,CYRE3,MRVE3,GFSA3,CIEL3,SANB11,BRAP4,CMIG4
2011-2,PETR4,ITUB4,PETR3,BBAS3,BBDC4,VALE3,USIM5,GGBR4,ITSA4,MRVE3,CYRE3,CSNA3,LREN3,CIEL3,HYPE3,BRFS3,GFSA3,SANB11,CCRO3,BOVA11
2011-3,PETR4,ITUB4,VALE3,GGBR4,PETR3,USIM5,BBAS3,BBDC4,CYRE3,CSNA3,ITSA4,BRFS3,MRVE3,HYPE3,LREN3,GFSA3,BRAP4,GOAU4,CMIG4,CCRO3
2011-4,PETR4,ITUB4,GGBR4,VALE3,BBAS3,PETR3,BBDC4,USIM5,CSNA3,CYRE3,GFSA3,ITSA4,BRAP4,HYPE3,SANB11,LREN3,BRFS3,CIEL3,MRVE3,CMIG4
2011-5,PETR4,ITUB4,VALE3,BBAS3,BBDC4,PETR3,GGBR4,HYPE3,USIM5,CYRE3,ITSA4,BRFS3,CSNA3,GFSA3,CIEL3,MRVE3,LREN3,SANB11,CMIG4,CCRO3
2011-6,PETR4,ITUB4,VALE3,BBDC4,PETR3,BBAS3,BRFS3,GGBR4,ITSA4,BBDC3,CYRE3,CSNA3,USIM5,MRVE3,LREN3,GFSA3,HYPE3,CIEL3,CMIG4,SANB11
2011-7,PETR4,ITUB4,BBDC4,VALE3,BBAS3,PETR3,GGBR4,ITSA4,BRFS3,CYRE3,USIM5,SANB11,MRVE3,HYPE3,CSNA3,CIEL3,GFSA3,LREN3,GOLL4,CMIG4
2011-8,PETR4,ITUB4,VALE3,BBDC4,PETR3,BBAS3,ITSA4,GGBR4,USIM5,CIEL3,CYRE3,MRFG3,BRFS3,LREN3,CSNA3,GFSA3,HYPE3,BOVA11,MRVE3,SANB11
2011-9,PETR4,ITUB4,VALE3,BBDC4,BBAS3,GGBR4,PETR3,ITSA4,USIM5,LREN3,CIEL3,CYRE3,BRFS3,MRVE3,BOVA11,CSNA3,GFSA3,HYPE3,CMIG4,CCRO3
2011-10,PETR4,ITUB4,BBDC4,VALE3,BBAS3,PETR3,GGBR4,ITSA4,HYPE3,BRFS3,USIM5,CIEL3,CSNA3,BOVA11,LREN3,CYRE3,GFSA3,CMIG4,MRVE3,SANB11
2011-11,PETR4,ITUB4,VALE3,BBDC4,BBAS3,PETR3,GGBR4,ITSA4,GFSA3,USIM5,BOVA11,CIEL3,HYPE3,CYRE3,CSNA3,BRFS3,MRFG3,MRVE3,LREN3,SANB11
2011-12,PETR4,ITUB4,BBDC4,VALE3,BBAS3,PETR3,ITSA4,GGBR4,CIEL3,BRFS3,GFSA3,CYRE3,MRVE3,BOVA11,USIM5,CMIG4,LREN3,CCRO3,CSNA3,HYPE3
2012-1,PETR4,ITUB4,VALE3,BBDC4,BBAS3,PETR3,GGBR4,ITSA4,MRVE3,BRFS3,HYPE3,CIEL3,GFSA3,CYRE3,CSNA3,BOVA11,USIM5,LREN3,CMIG4,CCRO3
2012-2,PETR4,ITUB4,BBDC4,BBAS3,PETR3,VALE3,CIEL3,GGBR4,BOVA11,ITSA4,GFSA3,BRFS3,MRVE3,CSNA3,CMIG4,CYRE3,CCRO3,DASA3,SANB11,HYPE3
2012-3,PETR4,ITUB4,BBDC4,VALE3,BBAS3,PETR3,GGBR4,BOVA11,ITSA4,BRFS3,USIM5,CIEL3,MRVE3,CYRE3,CSNA3,HYPE3,CCRO3,CMIG4,LREN3,SANB11
2012-4,PETR4,ITUB4,VALE3,BBDC4,BBAS3,BOVA11,ITSA4,PETR3,CIEL3,GGBR4,BRFS3,CYRE3,CMIG4,LREN3,MRVE3,USIM5,CSNA3,SANB11,CSAN3,HYPE3
2012-5,PETR4,ITUB4,BBDC4,VALE3,BOVA11,BBAS3,PETR3,GGBR4,CIEL3,ITSA4,MRVE3,BRFS3,CMIG4,CYRE3,CCRO3,LREN3,CSNA3,USIM5,HYPE3,SANB11
2012-6,PETR4,ITUB4,BBDC4,VALE3,PETR3,BOVA11,BBAS3,GGBR4,CIEL3,ITSA4,USIM5,CCRO3,BRFS3,GFSA3,CSNA3,CMIG4,MRVE3,LREN3,SANB11,CYRE3
2012-7,PETR4,ITUB4,VALE3,BBDC4,BBAS3,GGBR4,PETR3,CIEL3,ITSA4,BOVA11,BRFS3,MRVE3,USIM5,CMIG4,CCRO3,CSNA3,LREN3,CYRE3,HYPE3,SANB11
2012-8,PETR4,ITUB4,BBDC4,BBAS3,VALE3,PETR3,GGBR4,ITSA4,BOVA11,CIEL3,GFSA3,USIM5,BRFS3,MRVE3,CCRO3,CSNA3,LREN3,CYRE3,CMIG4,HYPE3
2012-9,PETR4,ITUB4,VALE3,BBDC4,BBAS3,CMIG4,PETR3,CIEL3,USIM5,CCRO3,ITSA4,GGBR4,CSNA3,BOVA11,BRFS3,LREN3,MRVE3,CYRE3,GFSA3,HYPE3
2012-10,PETR4,ITUB4,CIEL3,BBDC4,VALE3,BBAS3,ITSA4,GGBR4,PETR3,CMIG4,BOVA11,LREN3,USIM5,BRFS3,CCRO3,HYPE3,GFSA3,MRVE3,UGPA3,CSNA3
2012-11,PETR4,ITUB4,BBDC4,VALE3,BBDC3,PETR3,BBAS3,CMIG4,GGBR4,QUAL3,ITSA4,USIM5,CIEL3,BOVA11,BRFS3,CCRO3,SBSP3,CSNA3,ELET6,WEGE3
2012-12,PETR4,ITUB4,BBDC4,PETR3,VALE3,BBAS3,GGBR4,BRFS3,CMIG4,BOVA11,ITSA4,CIEL3,USIM5,BBDC3,CSNA3,CCRO3,CYRE3,GFSA3,MRFG3,LREN3
2013-1,PETR4,ITUB4,BBDC4,BBAS3,PETR3,VALE3,GGBR4,BRFS3,CIEL3,ITSA4,CMIG4,CCRO3,BOVA11,USIM5,CYRE3,SANB11,CSNA3,GFSA3,MRVE3,HYPE3
2013-2,PETR4,ITUB4,BBDC4,PETR3,BBAS3,VALE3,CIEL3,ITSA4,GGBR4,CCRO3,BOVA11,BRFS3,CMIG4,USIM5,BBDC3,CSAN3,LREN3,MRVE3,UGPA3,CYRE3
2013-3,PETR4,ITUB4,BBDC4,PETR3,BBAS3,CIEL3,VALE3,ITSA4,GGBR4,CMIG4,BOVA11,BRFS3,CCRO3,USIM5,BBDC3,LREN3,CSNA3,MRVE3,SANB11,HYPE3
2013-4,PETR4,ITUB4,BBDC4,BBAS3,VALE3,PETR3,ITSA4,CIEL3,CMIG4,BOVA11,BRFS3,GGBR4,CCRO3,BBSE3,LREN3,USIM5,CSNA3,SBSP3,CYRE3,BBDC3
2013-5,PETR4,ITUB4,BBDC4,BBSE3,BBAS3,VALE3,PETR3,CIEL3,ITSA4,GGBR4,BRFS3,CMIG4,BOVA11,CCRO3,HYPE3,USIM5,RENT3,LREN3,CYRE3,CSNA3
2013-6,PETR4,ITUB4,BBDC4,BBAS3,PETR3,VALE3,BOVA11,ITSA4,GGBR4,BBSE3,BRFS3,CCRO3,CIEL3,CMIG4,LREN3,ECOR3,HYPE3,BRPR3,EMBR3,CYRE3
2013-7,PETR4,ITUB4,BBDC4,PETR3,BBAS3,VALE3,ITSA4,GGBR4,BOVA11,CIEL3,BRFS3,USIM5,CCRO3,BBDC3,BBSE3,CMIG4,EMBR3,LREN3,HYPE3,CYRE3
2013-8,PETR4,ITUB4,BBDC4,VALE3,BBAS3,PETR3,GGBR4,BRFS3,ITSA4,BOVA11,CIEL3,USIM5,CCRO3,BBSE3,CSNA3,UGPA3,CMIG4,CSAN3,LREN3,HYPE3
2013-9,PETR4,ITUB4,BBDC4,BBAS3,PETR3,VALE3,GGBR4,BRFS3,ITSA4,CIEL3,BBSE3,BOVA11,CCRO3,CSNA3,CMIG4,LREN3,BBDC3,USIM5,EMBR3,UGPA3
2013-10,PETR4,ITUB4,BBDC4,VALE3,PETR3,BBAS3,CIEL3,BRFS3,GGBR4,ITSA4,BBSE3,CSNA3,USIM5,BOVA11,CCRO3,UGPA3,EMBR3,LREN3,CSAN3,BRPR3
2013-11,PETR4,ITUB4,BBDC4,BBAS3,PETR3,VALE3,ITSA4,GGBR4,BRFS3,ABEV3,BBSE3,CIEL3,CCRO3,USIM5,CSNA3,BOVA11,BRPR3,CYRE3,CSAN3,UGPA3
2013-12,PETR4,ITUB4,BBDC4,PETR3,BBAS3,ABEV3,ITSA4,VALE3,GGBR4,CIEL3,BBSE3,BRFS3,USIM5,CCRO3,CMIG4,CSNA3,BOVA11,BRPR3,UGPA3,BBDC3
2014-1,PETR4,ITUB4,BBDC4,ABEV3,VALE3,PETR3,BBAS3,BRFS3,BBSE3,CIEL3,GGBR4,ITSA4,CSNA3,USIM5,UGPA3,CCRO3,CMIG4,BOVA11,CYRE3,LREN3
2014-2,PETR4,ITUB4,BBDC4,VALE3,BBAS3,ABEV3,ITSA4,PETR3,BBSE3,GGBR4,CIEL3,BRFS3,CCRO3,BOVA11,USIM5,CMIG4,CSNA3,UGPA3,LREN3,RENT3
2014-3,PETR4,ITUB4,BBDC4,PETR3,VALE3,ABEV3,BBAS3,BBSE3,BRFS3,ITSA4,CIEL3,GGBR4,CMIG4,CCRO3,USIM5,BOVA11,UGPA3,CSNA3,CSAN3,QUAL3
2014-4,PETR4,ITUB4,BBDC4,PETR3,ABEV3,BBAS3,VALE3,BBSE3,BOVA11,CIEL3,ITSA4,BRFS3,GGBR4,CMIG4,USIM5,CCRO3,CYRE3,UGPA3,BBDC3,QUAL3
2014-5,PETR4,ITUB4,BBDC4,ABEV3,PETR3,BBAS3,BBSE3,CIEL3,VALE3,ITSA4,BRFS3,BOVA11,GGBR4,CMIG4,UGPA3,QUAL3,CCRO3,CSNA3,MRVE3,LREN3
2014-6,PETR4,ITUB4,BBDC4,PETR3,ABEV3,BBAS3,BBSE3,CIEL3,VALE3,BRFS3,ITSA4,BOVA11,CCRO3,GGBR4,UGPA3,LREN3,CSNA3,CMIG4,QUAL3,USIM5
2014-7,PETR4,ITUB4,PETR3,BBDC4,ABEV3,BBAS3,CIEL3,BBSE3,VALE3,ITSA4,GGBR4,BRFS3,BOVA11,CSNA3,QUAL3,CCRO3,CMIG4,USIM5,UGPA3,HYPE3
2014-8,PETR4,ITUB4,PETR3,BBDC4,BBAS3,ABEV3,BBSE3,CIEL3,ITSA4,VALE3,BRFS3,UGPA3,GGBR4,BOVA11,CCRO3,CMIG4,JBSS3,CSNA3,CSAN3,BBDC3
2014-9,PETR4,ITUB4,PETR3,BBAS3,BBDC4,ABEV3,VALE3,ITSA4,CIEL3,BBSE3,BRFS3,BOVA11,CCRO3,CMIG4,UGPA3,GGBR4,QUAL3,CSAN3,USIM5,LREN3
2014-10,PETR4,ITUB4,PETR3,BBDC4,BBAS3,ABEV3,CIEL3,ITSA4,BRFS3,VALE3,BOVA11,BBSE3,CCRO3,CMIG4,SANB11,UGPA3,GGBR4,EMBR3,JBSS3,BBDC3
2014-11,PETR4,ITUB4,BBDC4,PETR3,BBAS3,CIEL3,ABEV3,ITSA4,VALE3,BRFS3,BBSE3,BOVA11,JBSS3,UGPA3,CCRO3,SANB11,CMIG4,GGBR4,EMBR3,QUAL3
2014-12,PETR4,ITUB4,BBDC4,PETR3,ABEV3,ITSA4,BRFS3,VALE3,BBAS3,CIEL3,BBSE3,BOVA11,CCRO3,JBSS3,UGPA3,GGBR4,CMIG4,LREN3,MULT3,QUAL3
2015-1,PETR4,ITUB4,BBDC4,PETR3,ABEV3,ITSA4,CIEL3,BRFS3,BBSE3,BBAS3,VALE3,BOVA11,CCRO3,GGBR4,UGPA3,JBSS3,LREN3,EMBR3,QUAL3,MULT3
2015-2,PETR4,ITUB4,BBDC4,BBSE3,ITSA4,ABEV3,PETR3,CIEL3,BBAS3,BRFS3,VALE3,BOVA11,UGPA3,QUAL3,LREN3,CCRO3,EQTL3,GGBR4,EMBR3,JBSS3
2015-3,ITUB4,PETR4,BBDC4,ABEV3,CIEL3,BBSE3,ITSA4,PETR3,BOVA11,BRFS3,BBAS3,VALE3,UGPA3,CCRO3,JBSS3,GGBR4,EMBR3,LREN3,KLBN11,HYPE3
2015-4,PETR4,ITUB4,PETR3,BBDC4,ABEV3,VALE3,BBSE3,BBAS3,CIEL3,ITSA4,BRFS3,BOVA11,UGPA3,JBSS3,KLBN11,GGBR4,LREN3,QUAL3,CCRO3,EMBR3
2015-5,PETR4,ITUB4,BBDC4,PETR3,ABEV3,VALE3,BBSE3,ITSA4,BBAS3,CIEL3,BRFS3,UGPA3,BOVA11,JBSS3,EQTL3,LREN3,QUAL3,GGBR4,CCRO3,KLBN11
2015-6,PETR4,ITUB4,BBDC4,PETR3,ABEV3,BRFS3,ITSA4,CIEL3,BBSE3,BBAS3,BOVA11,JBSS3,VALE3,CCRO3,UGPA3,LREN3,CMIG4,KLBN11,GGBR4,QUAL3
2015-7,PETR4,ITUB4,BBDC4,ABEV3,CIEL3,PETR3,BRFS3,ITSA4,BBAS3,BBSE3,VALE3,JBSS3,BOVA11,UGPA3,LREN3,GGBR4,RADL3,CCRO3,KLBN11,EMBR3
2015-8,ITUB4,PETR4,BBDC4,ABEV3,PETR3,ITSA4,CIEL3,BRFS3,BOVA11,BBAS3,VALE3,BBSE3,UGPA3,LREN3,EQTL3,JBSS3,CCRO3,BBDC3,KLBN11,RADL3
2015-9,ITUB4,PETR4,BBDC4,ABEV3,BRFS3,ITSA4,CIEL3,PETR3,JBSS3,BBSE3,BBAS3,VALE3,BOVA11,CCRO3,UGPA3,EQTL3,KLBN11,LREN3,RADL3,GGBR4
2015-10,ITUB4,PETR4,BBDC4,ABEV3,BRFS3,JBSS3,BOVA11,ITSA4,CIEL3,BBSE3,PETR3,BBAS3,VALE3,UGPA3,LREN3,CCRO3,KLBN11,RADL3,HYPE3,BRKM5
2015-11,ITUB4,PETR4,BBDC4,ABEV3,BRFS3,CIEL3,ITSA4,PETR3,BBAS3,JBSS3,BOVA11,UGPA3,BBSE3,VALE3,KLBN11,CCRO3,LREN3,HYPE3,GGBR4,BRKM5
2015-12,ITUB4,PETR4,BBDC4,ABEV3,BRFS3,CIEL3,BBAS3,ITSA4,BOVA11,PETR3,BBSE3,JBSS3,UGPA3,VALE3,LREN3,KLBN11,CCRO3,HYPE3,EMBR3,RADL3
2016-1,PETR4,ITUB4,BBDC4,ABEV3,CIEL3,BBSE3,JBSS3,ITSA4,BRFS3,BOVA11,PETR3,BBAS3,UGPA3,VALE3,RADL3,KLBN11,LREN3,BRKM5,HYPE3,CCRO3
2016-2,ITUB4,BBDC4,PETR4,CIEL3,ABEV3,ITSA4,BRFS3,BBSE3,BBAS3,BOVA11,PETR3,JBSS3,VALE3,UGPA3,RADL3,HYPE3,LREN3,CCRO3,KLBN11,GGBR4
2016-3,PETR4,ITUB4,BBDC4,BBAS3,ABEV3,ITSA4,PETR3,CIEL3,BOVA11,BBSE3,VALE3,BRFS3,UGPA3,GGBR4,LREN3,HYPE3,CCRO3,JBSS3,EMBR3,RADL3
2016-4,PETR4,ITUB4,BBDC4,BBAS3,ABEV3,ITSA4,BOVA11,VALE3,BBSE3,PETR3,CIEL3,GGBR4,CSNA3,BRFS3,UGPA3,LREN3,SBSP3,KLBN11,USIM5,CCRO3
2016-5,PETR4,ITUB4,BBDC4,ABEV3,BBAS3,BOVA11,BBSE3,ITSA4,CIEL3,BRFS3,VALE3,JBSS3,PETR3,GGBR4,CSNA3,UGPA3,LREN3,SBSP3,CCRO3,USIM5
2016-6,PETR4,ITUB4,BBDC4,ABEV3,BBAS3,ITSA4,CIEL3,BOVA11,PETR3,BBSE3,BRFS3,HYPE3,UGPA3,VALE3,JBSS3,GGBR4,LREN3,SBSP3,CSNA3,CCRO3
2016-7,PETR4,ITUB4,BBDC4,ABEV3,BBAS3,ITSA4,CIEL3,BBSE3,PETR3,BRFS3,VALE3,BOVA11,HYPE3,CSNA3,GGBR4,USIM5,CCRO3,UGPA3,CMIG4,LREN3
2016-8,PETR4,ITUB4,BBDC4,ABEV3,BBAS3,BOVA11,GGBR4,ITSA4,CIEL3,PETR3,USIM5,GOAU4,BRFS3,BBSE3,VALE3,CCRO3,UGPA3,JBSS3,LREN3,CSNA3
2016-9,PETR4,ITUB4,BBDC4,ABEV3,BOVA11,ITSA4,BBAS3,PETR3,CIEL3,GGBR4,BRFS3,GOAU4,BBSE3,JBSS3,VALE3,UGPA3,CCRO3,USIM5,RADL3,CSNA3
2016-10,PETR4,ITUB4,BBDC4,ABEV3,BBAS3,ITSA4,PETR3,BOVA11,VALE3,CIEL3,JBSS3,BRFS3,GGBR4,USIM5,GOAU4,UGPA3,LREN3,BBSE3,HYPE3,EMBR3
2016-11,PETR4,ITUB4,BBDC4,BBAS3,ABEV3,BOVA11,VALE3,PETR3,ITSA4,GGBR4,GOAU4,CIEL3,USIM5,BBSE3,JBSS3,BRFS3,UGPA3,RADL3,HYPE3,LREN3
2016-12,PETR4,ITUB4,BBDC4,ABEV3,CIEL3,BBAS3,PETR3,BOVA11,VALE3,GGBR4,ITSA4,BBSE3,JBSS3,GOAU4,BRFS3,CCRO3,UGPA3,LREN3,USIM5,HYPE3
2017-1,PETR4,ITUB4,BBDC4,CIEL3,BBAS3,ABEV3,VALE3,GGBR4,ITSA4,BBSE3,PETR3,GOAU4,JBSS3,BRFS3,BOVA11,USIM5,CCRO3,HYPE3,UGPA3,RADL3
2017-2,PETR4,ITUB4,BBDC4,BBAS3,VALE3,CCRO3,CIEL3,ABEV3,ITSA4,BOVA11,PETR3,GGBR4,BRFS3,BBSE3,BRAP4,GOAU4,RADL3,UGPA3,CMIG4,JBSS3
2017-3,PETR4,ITUB4,BBDC4,BBAS3,ABEV3,VALE3,BRFS3,CIEL3,PETR3,BOVA11,ITSA4,GGBR4,CCRO3,GOAU4,BBSE3,UGPA3,HYPE3,RADL3,JBSS3,CMIG4
2017-4,PETR4,ITUB4,BBDC4,ABEV3,BBAS3,CIEL3,BOVA11,VALE3,ITSA4,JBSS3,BBSE3,PETR3,HYPE3,BRFS3,GGBR4,RADL3,SANB11,UGPA3,LREN3,CMIG4
2017-5,PETR4,ITUB4,BBDC4,ABEV3,BBAS3,BOVA11,BRFS3,JBSS3,CIEL3,ITSA4,PETR3,VALE3,UGPA3,RADL3,BBSE3,GGBR4,LREN3,RAIL3,QUAL3,CCRO3
2017-6,PETR4,ITUB4,ABEV3,BBDC4,BBAS3,JBSS3,VALE3,CIEL3,BOVA11,BBSE3,BRFS3,PETR3,ITSA4,RADL3,GGBR4,UGPA3,QUAL3,CCRO3,LREN3,CMIG4
2017-7,PETR4,ITUB4,BBDC4,ABEV3,VALE3,BBAS3,ITSA4,BOVA11,JBSS3,BBSE3,CIEL3,BRFS3,GGBR4,PETR3,UGPA3,CCRO3,GOAU4,LREN3,RADL3,RAIL3
2017-8,PETR4,VALE3,ITUB4,BBDC4,BBAS3,BOVA11,ABEV3,CIEL3,ITSA4,BBSE3,UGPA3,BRFS3,PETR3,CCRO3,ELET3,USIM5,MGLU3,JBSS3,GGBR4,LREN3
2017-9,VALE3,PETR4,ITUB4,BBDC4,ABEV3,BBAS3,USIM5,MGLU3,ITSA4,BOVA11,CIEL3,GGBR4,RAIL3,BRFS3,PETR3,LREN3,FLRY3,BBSE3,GOAU4,JBSS3
2017-10,VALE3,PETR4,ITUB4,ABEV3,BBDC4,BBAS3,USIM5,RAIL3,BOVA11,MGLU3,ITSA4,CIEL3,PETR3,GGBR4,CCRO3,LREN3,CSNA3,BRFS3,BBSE3,RENT3
2017-11,VALE3,PETR4,ITUB4,BBDC4,BBAS3,ABEV3,BOVA11,USIM5,CIEL3,ITSA4,MGLU3,CCRO3,PETR3,LREN3,RADL3,BBSE3,BRFS3,CRFB3,UGPA3,GGBR4
2017-12,VALE3,ITUB4,PETR4,BBDC4,ABEV3,BBAS3,BOVA11,ITSA4,BRFS3,MGLU3,PETR3,USIM5,EMBR3,CIEL3,GGBR4,JBSS3,LREN3,RAIL3,RADL3,UGPA3
2018-1,PETR4,VALE3,ITUB4,BBDC4,BBAS3,GGBR4,ABEV3,USIM5,BOVA11,ITSA4,CIEL3,PETR3,GOAU4,BRFS3,CSNA3,RAIL3,JBSS3,BBSE3,EMBR3,MGLU3
2018-2,PETR4,ITUB4,VALE3,BBDC4,ABEV3,BBAS3,ITSA4,PETR3,BOVA11,BRFS3,CCRO3,GGBR4,USIM5,MGLU3,GOAU4,CIEL3,LREN3,RAIL3,BBSE3,EMBR3
2018-3,PETR4,VALE3,ITUB4,BBAS3,BBDC4,ABEV3,BRFS3,SUZB3,BOVA11,PETR3,GGBR4,ITSA4,CIEL3,MGLU3,USIM5,GOAU4,RENT3,CCRO3,LREN3,QUAL3
2018-4,PETR4,VALE3,ITUB4,BBDC4,BBAS3,ABEV3,BOVA11,B3SA3,BRFS3,PETR3,SUZB3,CIEL3,ITSA4,BBDC3,GGBR4,MGLU3,RENT3,LREN3,HYPE3,USIM5
2018-5,PETR4,VALE3,ITUB4,PETR3,ABEV3,BBDC4,BBAS3,B3SA3,BOVA11,ITSA4,MGLU3,SUZB3,GGBR4,BRFS3,LREN3,RENT3,CIEL3,UGPA3,RADL3,CSAN3
2018-6,PETR4,VALE3,ITUB4,BBDC4,BBAS3,ABEV3,B3SA3,PETR3,MGLU3,ITSA4,BOVA11,SUZB3,GGBR4,BRFS3,RENT3,LREN3,USIM5,CIEL3,RAIL3,RADL3
2018-7,PETR4,VALE3,ITUB4,BBDC4,BBAS3,ABEV3,B3SA3,BOVA11,PETR3,MGLU3,ITSA4,SUZB3,GGBR4,EMBR3,USIM5,BRFS3,LREN3,RENT3,UGPA3,GOAU4
2018-8,PETR4,VALE3,ITUB4,BBDC4,BBAS3,ABEV3,BOVA11,SUZB3,ITSA4,PETR3,B3SA3,MGLU3,GGBR4,USIM5,CIEL3,RENT3,BRKM5,BRFS3,UGPA3,GOAU4
2018-9,PETR4,VALE3,ITUB4,BBDC4,BBAS3,SUZB3,ABEV3,PETR3,ITSA4,BOVA11,B3SA3,MGLU3,GGBR4,USIM5,LREN3,CIEL3,BRFS3,UGPA3,RENT3,BRKM5
2018-10,PETR4,VALE3,ITUB4,BBAS3,BBDC4,BOVA11,PETR3,ABEV3,B3SA3,ITSA4,CMIG4,GGBR4,MGLU3,SUZB3,USIM5,RENT3,LREN3,JBSS3,GOLL4,RAIL3
2018-11,PETR4,VALE3,ITUB4,BBDC4,BBAS3,BOVA11,PETR3,ABEV3,MGLU3,B3SA3,GGBR4,ITSA4,SUZB3,CIEL3,CMIG4,USIM5,RAIL3,LREN3,UGPA3,BRFS3
2018-12,PETR4,VALE3,ITUB4,BBDC4,BBAS3,BOVA11,PETR3,ABEV3,B3SA3,ITSA4,SUZB3,GGBR4,USIM5,MGLU3,CMIG4,RAIL3,BRFS3,GOLL4,LREN3,RENT3
2019-1,VALE3,PETR4,ITUB4,BBDC4,BBAS3,ABEV3,B3SA3,BOVA11,ITSA4,SUZB3,PETR3,CIEL3,CMIG4,GGBR4,ELET3,MGLU3,USIM5,LREN3,CCRO3,RENT3
2019-2,PETR4,VALE3,ITUB4,BBDC4,BBAS3,ITSA4,BOVA11,ABEV3,B3SA3,PETR3,SUZB3,RENT3,MGLU3,BBSE3,BRFS3,CIEL3,CMIG4,CSNA3,RAIL3,ELET3
2019-3,PETR4,VALE3,ITUB4,BBDC4,BBAS3,BOVA11,ABEV3,PETR3,B3SA3,CSNA3,ITSA4,SUZB3,RAIL3,GGBR4,UGPA3,BRFS3,LREN3,MGLU3,USIM5,RENT3
2019-4,PETR4,VALE3,ITUB4,BBAS3,BBDC4,BOVA11,ABEV3,PETR3,B3SA3,BRFS3,JBSS3,CSNA3,ITSA4,SUZB3,RENT3,LREN3,GGBR4,RAIL3,MGLU3,CIEL3
2019-5,PETR4,VALE3,ITUB4,BBDC4,BBAS3,BOVA11,ABEV3,JBSS3,SUZB3,B3SA3,BRFS3,ITSA4,PETR3,MGLU3,CSNA3,SBSP3,LREN3,GGBR4,RAIL3,IRBR3
2019-6,PETR4,VALE3,ITUB4,BBDC4,BBAS3,B3SA3,PETR3,BOVA11,ITSA4,ABEV3,SUZB3,JBSS3,MGLU3,LREN3,BRFS3,CSNA3,BRKM5,RAIL3,BPAC11,RENT3
2019-7,PETR4,VALE3,ITUB4,BBDC4,BBAS3,ABEV3,BOVA11,B3SA3,IRBR3,MGLU3,PETR3,SUZB3,ITSA4,JBSS3,BRFS3,GOLL4,LREN3,GGBR4,CIEL3,RENT3
2019-8,PETR4,VALE3,ITUB4,BBDC4,BOVA11,B3SA3,BBAS3,MGLU3,ABEV3,JBSS3,PETR3,ITSA4,BPAC11,IRBR3,SUZB3,BRFS3,LREN3,RENT3,ELET3,GGBR4
2019-9,PETR4,VALE3,ITUB4,BBDC4,BBAS3,BOVA11,B3SA3,ABEV3,JBSS3,MGLU3,ITSA4,BRFS3,SUZB3,PETR3,RENT3,GOLL4,IRBR3,AZUL4,GGBR4,LREN3
2019-10,PETR4,VALE3,BBAS3,ITUB4,BBDC4,BOVA11,MGLU3,ABEV3,JBSS3,B3SA3,RENT3,PETR3,ITSA4,LREN3,BRFS3,ELET3,SUZB3,RAIL3,IRBR3,GOLL4
2019-11,PETR4,VALE3,MGLU3,ITUB4,BBDC4,BBAS3,BOVA11,JBSS3,B3SA3,PETR3,SUZB3,GGBR4,HAPV3,ITSA4,ABEV3,BRFS3,IRBR3,RENT3,LREN3,CVCB3
2019-12,PETR4,VALE3,ITUB4,BBDC4,B3SA3,BBAS3,BOVA11,MGLU3,ABEV3,PETR3,JBSS3,ITSA4,GGBR4,GOLL4,LREN3,RAIL3,BPAC11,RENT3,COGN3,BRFS3
2020-1,PETR4,VALE3,ITUB4,BBDC4,BBAS3,BOVA11,B3SA3,NTCO3,MGLU3,JBSS3,PETR3,ABEV3,GGBR4,ITSA4,RAIL3,SUZB3,RENT3,LREN3,USIM5,IRBR3
2020-2,PETR4,VALE3,ITUB4,PETR3,BBDC4,BOVA11,IRBR3,BBAS3,MGLU3,B3SA3,ABEV3,JBSS3,ITSA4,WEGE3,LREN3,COGN3,GGBR4,NTCO3,SUZB3,RENT3
2020-3,PETR4,VALE3,BOVA11,ITUB4,B3SA3,BBDC4,MGLU3,BBAS3,PETR3,ABEV3,IRBR3,JBSS3,LREN3,RENT3,ITSA4,NTCO3,WEGE3,SUZB3,RAIL3,RADL3
2020-4,PETR4,VALE3,BOVA11,ITUB4,BBDC4,MGLU3,BBAS3,B3SA3,PETR3,LREN3,JBSS3,RENT3,SUZB3,ABEV3,NTCO3,IRBR3,ITSA4,COGN3,WEGE3,GGBR4
2020-5,VALE3,PETR4,BOVA11,ITUB4,BBDC4,MGLU3,BBAS3,B3SA3,SUZB3,JBSS3,LREN3,PETR3,ABEV3,RENT3,ITSA4,IRBR3,COGN3,BRFS3,NTCO3,AZUL4
2020-6,PETR4,VALE3,ITUB4,BBDC4,BOVA11,MGLU3,BBAS3,AZUL4,IRBR3,B3SA3,GOLL4,JBSS3,COGN3,PETR3,ABEV3,LREN3,ITSA4,BPAC11,SUZB3,CIEL3
2020-7,VALE3,PETR4,BBDC4,ITUB4,MGLU3,COGN3,BOVA11,B3SA3,BBAS3,ABEV3,IRBR3,RENT3,WEGE3,JBSS3,BPAC11,CIEL3,PETR3,ITSA4,AZUL4,NTCO3
2020-8,VALE3,PETR4,MGLU3,ITUB4,BOVA11,BBDC4,B3SA3,COGN3,BBAS3,JBSS3,LREN3,ABEV3,PETR3,WEGE3,SUZB3,NTCO3,ELET3,RENT3,GGBR4,BPAC11
2020-9,VALE3,PETR4,MGLU3,BOVA11,BBDC4,ITUB4,B3SA3,BBAS3,PETR3,AZUL4,RENT3,LREN3,ABEV3,JBSS3,WEGE3,COGN3,IRBR3,NTCO3,BPAC11,SUZB3
2020-10,VALE3,PETR4,BBDC4,MGLU3,BOVA11,ITUB4,B3SA3,WEGE3,IRBR3,BBAS3,NTCO3,SUZB3,JBSS3,ABEV3,PETR3,AZUL4,RENT3,GGBR4,CSNA3,COGN3
2020-11,VALE3,PETR4,BBDC4,ITUB4,MGLU3,BOVA11,B3SA3,BBAS3,AZUL4,PETR3,ABEV3,ITSA4,SUZB3,WEGE3,LREN3,JBSS3,NTCO3,COGN3,IRBR3,GOLL4
2020-12,VALE3,PETR4,BBDC4,ITUB4,BOVA11,MGLU3,B3SA3,BBAS3,SUZB3,IRBR3,ABEV3,AZUL4,WEGE3,CSNA3,PRIO3,PETR3,JBSS3,COGN3,GGBR4,BPAC11
2021-1,VALE3,PETR4,BBDC4,ITUB4,BOVA11,MGLU3,BBAS3,B3SA3,SUZB3,WEGE3,CSNA3,PETR3,GGBR4,PRIO3,IRBR3,ABEV3,RENT3,AZUL4,NTCO3,ITSA4
2021-2,PETR4,VALE3,ITUB4,BBDC4,BOVA11,PETR3,B3SA3,MGLU3,BBAS3,CSNA3,SUZB3,PRIO3,WEGE3,BPAC11,JBSS3,ITSA4,GGBR4,ABEV3,NTCO3,RENT3
2021-3,VALE3,PETR4,BBDC4,BOVA11,ITUB4,MGLU3,B3SA3,PRIO3,SUZB3,PETR3,BBAS3,CSNA3,WEGE3,GGBR4,BPAC11,LREN3,JBSS3,CSAN3,ABEV3,USIM5
2021-4,VALE3,PETR4,BBDC4,BOVA11,ITUB4,B3SA3,CSNA3,MGLU3,PETR3,PRIO3,BBAS3,JBSS3,SUZB3,GGBR4,LREN3,USIM5,WEGE3,BPAC11,NTCO3,ABEV3
2021-5,VALE3,PETR4,BBDC4,ITUB4,BOVA11,B3SA3,CSNA3,GGBR4,BPAC11,USIM5,PETR3,SUZB3,BBAS3,LREN3,MGLU3,ABEV3,JBSS3,RENT3,BRFS3,ELET3
2021-6,VALE3,PETR4,ITUB4,B3SA3,BBDC4,PETR3,BOVA11,ABEV3,BBAS3,GGBR4,MGLU3,SUZB3,CSNA3,ITSA4,NTCO3,LREN3,BPAC11,ELET3,BRFS3,CSAN3
2021-7,VALE3,PETR4,BBDC4,ITUB4,BOVA11,CSNA3,MGLU3,B3SA3,ABEV3,NTCO3,GGBR4,USIM5,PETR3,LREN3,SUZB3,RENT3,JBSS3,BBAS3,PRIO3,BPAC11
2021-8,VALE3,PETR4,ITUB4,BBDC4,BOVA11,MGLU3,B3SA3,PETR3,CSNA3,JBSS3,BPAC11,RDOR3,BBAS3,SUZB3,RENT3,USIM5,GGBR4,ABEV3,LREN3,NTCO3
2021-9,VALE3,PETR4,ITUB4,BOVA11,BBDC4,B3SA3,MGLU3,PETR3,SUZB3,PRIO3,ITSA4,USIM5,GGBR4,CSNA3,JBSS3,BBAS3,ABEV3,RENT3,CASH3,WEGE3
2021-10,PETR4,VALE3,BOVA11,ITUB4,BBDC4,PRIO3,B3SA3,PETR3,XPBR31,MGLU3,JBSS3,SUZB3,BBAS3,ABEV3,BPAC11,LREN3,GGBR4,USIM5,ITSA4,RENT3
2021-11,PETR4,VALE3,BOVA11,ITUB4,BBDC4,MGLU3,PETR3,PRIO3,NTCO3,BBAS3,B3SA3,ABEV3,RENT3,LREN3,SUZB3,GGBR4,CSNA3,JBSS3,USIM5,BPAC11
2021-12,PETR4,VALE3,MGLU3,BOVA11,BBDC4,PETR3,ITUB4,RENT3,BBAS3,JBSS3,B3SA3,PRIO3,SUZB3,ABEV3,BRAP4,GGBR4,LREN3,CSNA3,USIM5,BRKM5
2022-1,PETR4,VALE3,BBDC4,ITUB4,MGLU3,BOVA11,PETR3,B3SA3,PRIO3,BBAS3,RENT3,SUZB3,ABEV3,USIM5,BPAC11,HAPV3,LREN3,CSNA3,GGBR4,ITSA4
2022-2,VALE3,PETR4,ITUB4,BBDC4,MGLU3,BOVA11,PRIO3,PETR3,BBAS3,HAPV3,B3SA3,JBSS3,ABEV3,SUZB3,RENT3,USIM5,GGBR4,BPAC11,BRFS3,NTCO3
2022-3,VALE3,PETR4,ITUB4,BBDC4,BOVA11,MGLU3,PETR3,PRIO3,B3SA3,GGBR4,SUZB3,HAPV3,BBAS3,ABEV3,LREN3,JBSS3,RENT3,NTCO3,CSNA3,BPAC11
2022-4,VALE3,PETR4,ITUB4,BBDC4,MGLU3,B3SA3,BOVA11,PETR3,JBSS3,BBAS3,PRIO3,HAPV3,ELET3,NTCO3,LREN3,ABEV3,GGBR4,SUZB3,RENT3,WEGE3
2022-5,PETR4,VALE3,ITUB4,BBDC4,BOVA11,PETR3,BBAS3,B3SA3,MGLU3,PRIO3,HAPV3,GGBR4,RENT3,ELET3,JBSS3,ABEV3,SUZB3,BPAC11,LREN3,WEGE3
2022-6,VALE3,PETR4,ELET3,BOVA11,ITUB4,BBDC4,BBAS3,PETR3,PRIO3,MGLU3,GGBR4,RENT3,B3SA3,SUZB3,HAPV3,LREN3,ABEV3,ELET6,WEGE3,EQTL3
2022-7,VALE3,PETR4,BOVA11,ITUB4,MGLU3,BBDC4,ELET3,PETR3,B3SA3,ABEV3,PRIO3,RENT3,BBAS3,HAPV3,GGBR4,LREN3,SUZB3,WEGE3,JBSS3,AMER3
2022-8,PETR4,VALE3,ITUB4,BBAS3,BOVA11,PETR3,MGLU3,BBDC4,AMER3,ELET3,HAPV3,RENT3,B3SA3,LREN3,PRIO3,GGBR4,ABEV3,SUZB3,JBSS3,BPAC11
2022-9,VALE3,PETR4,ITUB4,MGLU3,PETR3,BBAS3,BOVA11,BBDC4,B3SA3,ELET3,HAPV3,PRIO3,ABEV3,RENT3,AMER3,GGBR4,BPAC11,LREN3,SBSP3,RAIL3
2022-10,PETR4,VALE3,ITUB4,PETR3,BBAS3,BOVA11,MGLU3,BBDC4,B3SA3,ELET3,AMER3,RENT3,ABEV3,SBSP3,HAPV3,PRIO3,BPAC11,ASAI3,LREN3,CSAN3
2022-11,PETR4,VALE3,ITUB4,BBDC4,BOVA11,B3SA3,BBAS3,MGLU3,PETR3,RENT3,ELET3,PRIO3,ABEV3,LREN3,GGBR4,HAPV3,SUZB3,BPAC11,WEGE3,ASAI3
2022-12,VALE3,PETR4,ITUB4,BOVA11,BBDC4,B3SA3,ELET3,MGLU3,RENT3,PETR3,BBAS3,ABEV3,PRIO3,BPAC11,GGBR4,LREN3,SUZB3,AMER3,WEGE3,SBSP3
2023-1,VALE3,PETR4,BBDC4,ITUB4,MGLU3,BOVA11,BBAS3,ABEV3,B3SA3,ELET3,PETR3,PRIO3,RENT3,BPAC11,GGBR4,LREN3,SUZB3,AMER3,HAPV3,WEGE3
2023-2,VALE3,PETR4,ITUB4,BBDC4,BBAS3,BOVA11,B3SA3,MGLU3,ABEV3,PRIO3,ELET3,PETR3,BPAC11,RENT3,LREN3,GGBR4,HAPV3,WEGE3,BBSE3,NTCO3
2023-3,VALE3,PETR4,ITUB4,BOVA11,B3SA3,BBDC4,PRIO3,ABEV3,BBAS3,RENT3,HAPV3,MGLU3,ELET3,PETR3,LREN3,ASAI3,NTCO3,RRRP3,GGBR4,WEGE3
2023-4,VALE3,PETR4,BOVA11,ITUB4,BBDC4,BBAS3,PRIO3,B3SA3,ELET3,PETR3,RENT3,LREN3,ABEV3,MGLU3,BPAC11,NTCO3,SUZB3,RRRP3,WEGE3,HAPV3
2023-5,VALE3,PETR4,BOVA11,ITUB4,BBDC4,BBAS3,B3SA3,RENT3,MGLU3,PRIO3,LREN3,PETR3,HAPV3,ELET3,ABEV3,SUZB3,SMAL11,GGBR4,BPAC11,VBBR3
2023-6,VALE3,PETR4,BOVA11,ITUB4,B3SA3,BBAS3,RENT3,BBDC4,PETR3,ASAI3,LREN3,PRIO3,MGLU3,EQTL3,ELET3,HAPV3,SMAL11,RAIL3,BPAC11,ABEV3
2023-7,VALE3,PETR4,BOVA11,ITUB4,BBDC4,BBAS3,LREN3,PRIO3,B3SA3,WEGE3,PETR3,ABEV3,RENT3,RAIL3,MGLU3,SMAL11,ASAI3,EQTL3,BPAC11,ELET3
2023-8,VALE3,PETR4,ITUB4,BOVA11,BBDC4,PETR3,HAPV3,BBAS3,ELET3,B3SA3,ABEV3,PRIO3,LREN3,RENT3,RAIL3,SMAL11,BPAC11,MGLU3,GGBR4,ITSA4
2023-9,VALE3,PETR4,ITUB4,BOVA11,PETR3,BBDC4,B3SA3,RENT3,BBAS3,PRIO3,LREN3,RAIL3,ABEV3,SUZB3,BPAC11,ELET3,SMAL11,WEGE3,EQTL3,HAPV3
2023-10,PETR4,VALE3,ITUB4,PETR3,PRIO3,B3SA3,BOVA11,BBAS3,BBDC4,RENT3,SUZB3,SMAL11,HAPV3,ABEV3,RAIL3,WEGE3,LREN3,BPAC11,ELET3,RDOR3
